{"cameraMode":{"drawMode":0,"name":"Shaded","section":"Shading Mode"},"sceneLighting":true,"audioPlay":false,"sceneViewState":{"m_AlwaysRefresh":false,"showFog":true,"showSkybox":true,"showFlares":true,"showImageEffects":true,"showParticleSystems":true,"showVisualEffectGraphs":true,"m_FxEnabled":true},"in2DMode":false,"pivot":{"x":492.9346618652344,"y":26.590585708618165,"z":735.54345703125},"rotation":{"x":0.09262640029191971,"y":-0.07135480642318726,"z":0.0067124804481863979,"w":0.9931929111480713},"size":148.17391967773438,"orthographic":false}